{
  "guid": "186f2f9114aacf749be2a70819787e75",
  "filename": "HealthBar",
  "ShieldBorder": {
    "fileID": 114284319090736700
  },
  "ShieldBackground": {
    "fileID": 114460864338709940
  },
  "Health": {
    "fileID": 114505226900680530
  },
  "Shield": {
    "fileID": 114580900176579940
  },
  "Preview": {
    "fileID": 114519050497033700
  },
  "ShieldPreview": {
    "fileID": 114819109990866320
  },
  "CriticalShieldPreview": {
    "fileID": 114937584866092220
  },
  "CriticalPreview": {
    "fileID": 114794210130971260
  },
  "Damage": {
    "fileID": 114830541914338160
  },
  "ShieldDamage": {
    "fileID": 114344011998610270
  },
  "Mana": {
    "fileID": 114556368629137940
  },
  "DispensableMana": {
    "fileID": 114158543583050100
  },
  "AdjustmentSpeed": 0.25,
  "AdjustmentDelay": 0.5,
  "Offset": {
    "x": 0,
    "true": 10,
    "z": -40
  },
  "BuffView": {
    "fileID": 114203478538897470
  },
  "IsChampion": 0,
  "WeaknessPreview": {
    "fileID": 114654209627742240
  },
  "ResistancePreview": {
    "fileID": 114276022035628960
  },
  "DodgeIcon": {
    "fileID": 1896704870663865
  },
  "DodgeText": {
    "fileID": 114984777352050190
  },
  "BuffIcon": {
    "fileID": 114637420600754620
  },
  "DebuffIcon": {
    "fileID": 114799593047361060
  },
  "DebuffStacks": {
    "fileID": 114625592817580000
  },
  "BuffStacks": "{fileID: 114525367829165456}",
  "SpecialBuffPrefab": {
    "fileID": 1851414087052980,
    "guid": "0c0beaafa2795344da15e1feaea58a03",
    "type": 2
  },
  "SpecialBuffRoot": {
    "fileID": 1089530417703520
  },
  "_font": {
    "fileID": 0
  },
  "_text": null,
  "_color": {
    "r": 1,
    "g": 1,
    "b": 1,
    "a": 1
  },
  "_color2": {
    "r": 1,
    "g": 1,
    "b": 1,
    "a": 1
  },
  "_useGradient": 0,
  "_textureGradient": 0,
  "_anchor": 6,
  "_scale": {
    "x": 1,
    "true": 1,
    "z": 1
  },
  "_kerning": 0,
  "_maxChars": 16,
  "_inlineStyling": 0,
  "_formatting": 0,
  "_wordWrapWidth": 0,
  "spacing": 0,
  "lineSpacing": 0,
  "data": {
    "version": 1,
    "font": {
      "fileID": 114664072912211470,
      "guid": "dbb9b26438811c842897a5e87891c523",
      "type": 2
    },
    "text": 2,
    "color": {
      "r": 0.5019608,
      "g": 0.5019608,
      "b": 0.5019608,
      "a": 1
    },
    "color2": {
      "r": 1,
      "g": 1,
      "b": 1,
      "a": 1
    },
    "useGradient": 0,
    "textureGradient": 0,
    "anchor": 8,
    "renderLayer": 0,
    "scale": {
      "x": 1,
      "true": 1,
      "z": 1
    },
    "kerning": 0,
    "maxChars": 16,
    "inlineStyling": 0,
    "formatting": 0,
    "wordWrapWidth": 0,
    "spacing": 0,
    "lineSpacing": 0
  },
  "_font__1": {
    "fileID": 0
  },
  "_text__1": null,
  "_color__1": {
    "r": 1,
    "g": 1,
    "b": 1,
    "a": 1
  },
  "_color2__1": {
    "r": 1,
    "g": 1,
    "b": 1,
    "a": 1
  },
  "_useGradient__1": 0,
  "_textureGradient__1": 0,
  "_anchor__1": 6,
  "_scale__1": {
    "x": 1,
    "true": 1,
    "z": 1
  },
  "_kerning__1": 0,
  "_maxChars__1": 16,
  "_inlineStyling__1": 0,
  "_formatting__1": 0,
  "_wordWrapWidth__1": 0,
  "spacing__1": 0,
  "lineSpacing__1": 0,
  "data__1": {
    "version": 1,
    "font": {
      "fileID": 114664072912211470,
      "guid": "dbb9b26438811c842897a5e87891c523",
      "type": 2
    },
    "text": 2,
    "color": {
      "r": 0.5019608,
      "g": 0.5019608,
      "b": 0.5019608,
      "a": 1
    },
    "color2": {
      "r": 1,
      "g": 1,
      "b": 1,
      "a": 1
    },
    "useGradient": 0,
    "textureGradient": 0,
    "anchor": 8,
    "renderLayer": 0,
    "scale": {
      "x": 1,
      "true": 1,
      "z": 1
    },
    "kerning": 0,
    "maxChars": 16,
    "inlineStyling": 0,
    "formatting": 0,
    "wordWrapWidth": 0,
    "spacing": 0,
    "lineSpacing": 0
  },
  "_font__2": {
    "fileID": 0
  },
  "_text__2": null,
  "_color__2": {
    "r": 0.5,
    "g": 0.5,
    "b": 0.5,
    "a": 1
  },
  "_color2__2": {
    "r": 0.5,
    "g": 0.5,
    "b": 0.5,
    "a": 1
  },
  "_useGradient__2": 0,
  "_textureGradient__2": 0,
  "_anchor__2": 6,
  "_scale__2": {
    "x": 1,
    "true": 1,
    "z": 1
  },
  "_kerning__2": 0,
  "_maxChars__2": 16,
  "_inlineStyling__2": 0,
  "_formatting__2": 0,
  "_wordWrapWidth__2": 0,
  "spacing__2": 0,
  "lineSpacing__2": 0,
  "data__2": {
    "version": 1,
    "font": {
      "fileID": 114943383757002140,
      "guid": "9ac2fe0ca2af9ff489694e085625e4d8",
      "type": 2
    },
    "text": "20%",
    "color": {
      "r": 0.5,
      "g": 0.5,
      "b": 0.5,
      "a": 1
    },
    "color2": {
      "r": 0.5,
      "g": 0.5,
      "b": 0.5,
      "a": 1
    },
    "useGradient": 0,
    "textureGradient": 0,
    "anchor": 3,
    "renderLayer": 0,
    "scale": {
      "x": 1,
      "true": 1,
      "z": 1
    },
    "kerning": 0,
    "maxChars": 16,
    "inlineStyling": 0,
    "formatting": 0,
    "wordWrapWidth": 0,
    "spacing": 0,
    "lineSpacing": 0
  }
}